{
    "training_loss": [
        0.2016,
        0.1294,
        0.1109,
        0.1045,
        0.1003,
        0.0971,
        0.091,
        0.0816,
        0.0758,
        0.0711,
        0.0674,
        0.0645,
        0.0627,
        0.0607,
        0.0592,
        0.0565,
        0.0559,
        0.0537,
        0.0546,
        0.0526,
        0.0515,
        0.0502,
        0.0501,
        0.0498,
        0.0491,
        0.0482,
        0.0489,
        0.048,
        0.0471,
        0.0465,
        0.0455,
        0.0459,
        0.0455
    ],
    "validation_loss": [
        0.12562838196754456,
        0.10738680511713028,
        0.10192002356052399,
        0.09888838976621628,
        0.09517043083906174,
        0.09045045077800751,
        0.0814710333943367,
        0.07332511246204376,
        0.06862588226795197,
        0.06563939899206161,
        0.06142063066363335,
        0.06059371307492256,
        0.05743784084916115,
        0.05551082268357277,
        0.053579751402139664,
        0.05110578611493111,
        0.05072052404284477,
        0.04993278905749321,
        0.0491008535027504,
        0.049244899302721024,
        0.04755513742566109,
        0.04672987386584282,
        0.045199938118457794,
        0.045733388513326645,
        0.04528333991765976,
        0.043750643730163574,
        0.044476792216300964,
        0.0439332090318203,
        0.04382520169019699,
        0.04354362189769745,
        0.04250495508313179,
        0.04213439300656319,
        0.042171891778707504
    ]
}