{
    "training_loss": [
        0.0967,
        0.026,
        0.0098,
        0.0052,
        0.0036,
        0.0027,
        0.0023
    ],
    "validation_loss": [
        0.01610170304775238,
        0.003617633366957307,
        0.0014999702107161283,
        0.0007599886739626527,
        0.0005496526719070971,
        0.00041770830284804106,
        0.00041563634295016527,
        0.0004299068823456764
    ]
}