{
    "training_loss": [
        0.1214,
        0.0543,
        0.0346,
        0.028,
        0.0257,
        0.0244,
        0.0236,
        0.0233,
        0.0225,
        0.0224,
        0.0216,
        0.0209,
        0.0191,
        0.0169,
        0.0154,
        0.0142,
        0.013,
        0.0122,
        0.0115,
        0.0107,
        0.0102,
        0.0099,
        0.0095,
        0.0089,
        0.0084,
        0.008,
        0.0076,
        0.0076,
        0.0072,
        0.0072,
        0.0071,
        0.0069,
        0.0065,
        0.0062,
        0.0062,
        0.0058,
        0.0055,
        0.005,
        0.0048,
        0.0048,
        0.0046,
        0.0044,
        0.0042,
        0.004,
        0.0038,
        0.0035,
        0.0032,
        0.003,
        0.0028,
        0.0028,
        0.0026,
        0.0025,
        0.0025,
        0.0024,
        0.0023,
        0.0023,
        0.0022,
        0.0021,
        0.0021,
        0.0021,
        0.0021
    ],
    "validation_loss": [
        0.04328441619873047,
        0.031464677304029465,
        0.02456878498196602,
        0.022638969123363495,
        0.02137044630944729,
        0.020793404430150986,
        0.020519573241472244,
        0.020847922191023827,
        0.020245524123311043,
        0.02040490135550499,
        0.019302599132061005,
        0.018648661673069,
        0.016164099797606468,
        0.0136233139783144,
        0.01277597900480032,
        0.01141582615673542,
        0.010419161058962345,
        0.009436146356165409,
        0.008825069293379784,
        0.008374789729714394,
        0.00815513264387846,
        0.007941963151097298,
        0.007519064005464315,
        0.006908885668963194,
        0.00631674425676465,
        0.005702708847820759,
        0.00616093585267663,
        0.005674987565726042,
        0.005829511675983667,
        0.005160403437912464,
        0.005902385339140892,
        0.00528129143640399,
        0.004937265533953905,
        0.005158496554940939,
        0.004671020433306694,
        0.004134137649089098,
        0.004062295891344547,
        0.003515192773193121,
        0.003382406197488308,
        0.0033297124318778515,
        0.0033483391162008047,
        0.002825795440003276,
        0.002717838389798999,
        0.0024767243303358555,
        0.002240734174847603,
        0.002051898743957281,
        0.0018573899287730455,
        0.0016708774492144585,
        0.0016724440502002835,
        0.0014940503751859069,
        0.001338734058663249,
        0.0012807613238692284,
        0.0013073970330879092,
        0.001156003214418888,
        0.0010875589214265347,
        0.0010228235041722655,
        0.0009708196157589555,
        0.0009359224932268262,
        0.000911660143174231,
        0.000896890414878726,
        0.0008928243769332767,
        0.0008813533931970596
    ]
}