{
    "training_loss": [
        0.0963,
        0.0266,
        0.0099,
        0.0053,
        0.0035,
        0.0028,
        0.0023
    ],
    "validation_loss": [
        0.017393335700035095,
        0.003969019744545221,
        0.0014988078037276864,
        0.0007444854127243161,
        0.00044762773904949427,
        0.00044543962576426566,
        0.0004271694924682379,
        0.000506162759847939
    ]
}