{
    "training_loss": [
        0.2996,
        0.0795,
        0.0544,
        0.0418,
        0.034,
        0.0347,
        0.0301,
        0.0291,
        0.025,
        0.0228,
        0.0182,
        0.0195,
        0.0182,
        0.0179,
        0.0166,
        0.0155,
        0.0137,
        0.0134,
        0.0132,
        0.0111,
        0.0115,
        0.0115,
        0.0113,
        0.0102,
        0.0093,
        0.0103,
        0.0098,
        0.0091,
        0.0097,
        0.0105,
        0.0092,
        0.0088,
        0.0092,
        0.0086,
        0.008,
        0.007,
        0.0076,
        0.0077,
        0.0076,
        0.0075,
        0.0061,
        0.0057,
        0.0054,
        0.0051,
        0.0046,
        0.0049,
        0.0048,
        0.0048,
        0.0048,
        0.0043,
        0.0044,
        0.0038,
        0.0037,
        0.0034,
        0.0032,
        0.0033,
        0.0033,
        0.0036,
        0.003,
        0.0029,
        0.0032
    ],
    "validation_loss": [
        0.10409730672836304,
        0.05238715186715126,
        0.034211982041597366,
        0.03201820328831673,
        0.030551249161362648,
        0.027841806411743164,
        0.023855501785874367,
        0.020462919026613235,
        0.01884511485695839,
        0.0158536434173584,
        0.014434878714382648,
        0.013699602335691452,
        0.015622974373400211,
        0.016306521371006966,
        0.011989452876150608,
        0.011967969126999378,
        0.010518575087189674,
        0.009823756292462349,
        0.009705019183456898,
        0.007984728552401066,
        0.008605370298027992,
        0.009233091957867146,
        0.009328261017799377,
        0.0072196791879832745,
        0.007217590697109699,
        0.008185851387679577,
        0.0065979682840406895,
        0.007878542877733707,
        0.007986677810549736,
        0.007772586774080992,
        0.006237408146262169,
        0.0068342541344463825,
        0.006580003071576357,
        0.006206795107573271,
        0.005285506136715412,
        0.004854262340813875,
        0.005204193759709597,
        0.006573904305696487,
        0.006139199249446392,
        0.005276130512356758,
        0.0042824167758226395,
        0.004017868544906378,
        0.0034920149482786655,
        0.0034677900839596987,
        0.00299771036952734,
        0.003251314163208008,
        0.003089371370151639,
        0.0028024273924529552,
        0.0029228669591248035,
        0.002528567099943757,
        0.0026388324331492186,
        0.002406309824436903,
        0.002170286839827895,
        0.002076102187857032,
        0.0019147810526192188,
        0.0018756765639409423,
        0.0018297424539923668,
        0.001766614499501884,
        0.0017503892304375768,
        0.0017279923195019364,
        0.0017219717847183347,
        0.001570947002619505
    ]
}