{
    "training_loss": [
        0.499,
        0.4628,
        0.4518,
        0.441,
        0.4326,
        0.4359,
        0.4327,
        0.4312,
        0.434,
        0.4385,
        0.4355,
        0.4275,
        0.4317,
        0.4331,
        0.44,
        0.4319,
        0.4321,
        0.4339,
        0.433,
        0.4312,
        0.4354,
        0.4342,
        0.4335,
        0.4343,
        0.4383,
        0.4299,
        0.436,
        0.4348,
        0.4367,
        0.4351,
        0.4304,
        0.4303,
        0.4296,
        0.4359,
        0.4328,
        0.4304,
        0.4336,
        0.4288,
        0.4338,
        0.4315,
        0.4277,
        0.4271,
        0.433,
        0.4292,
        0.4322,
        0.4305,
        0.4316,
        0.4292,
        0.4253,
        0.431
    ],
    "validation_loss": [
        0.4619424343109131,
        0.44850483536720276,
        0.4405458867549896,
        0.436097651720047,
        0.4342096447944641,
        0.4345799386501312,
        0.4346759021282196,
        0.4328598082065582,
        0.4326478838920593,
        0.432806134223938,
        0.4316684603691101,
        0.4350327253341675,
        0.4338252544403076,
        0.4334860146045685,
        0.43477606773376465,
        0.4360971748828888,
        0.43542376160621643,
        0.43294793367385864,
        0.4310895502567291,
        0.4335883855819702,
        0.4357128143310547,
        0.4348815679550171,
        0.43367090821266174,
        0.4324691891670227,
        0.434612512588501,
        0.43680188059806824,
        0.43423643708229065,
        0.43413081765174866,
        0.43762415647506714,
        0.43325814604759216,
        0.43536481261253357,
        0.4334653913974762,
        0.4345865547657013,
        0.4342998266220093,
        0.43250125646591187,
        0.4325195550918579,
        0.43592387437820435,
        0.433623731136322,
        0.4337296783924103,
        0.4344063997268677,
        0.432584673166275,
        0.4295932352542877,
        0.4321792721748352,
        0.4310050308704376,
        0.4306626617908478,
        0.43071597814559937,
        0.4314796030521393,
        0.4317750036716461,
        0.4318701922893524,
        0.4319853186607361
    ]
}