{
    "training_loss": [
        0.0962,
        0.03,
        0.0123,
        0.0067,
        0.0044,
        0.0034,
        0.0029,
        0.0027,
        0.0024,
        0.0023,
        0.0021,
        0.002,
        0.0019,
        0.0018,
        0.0017,
        0.0016,
        0.0015,
        0.0015,
        0.0015,
        0.0014,
        0.0013,
        0.0014,
        0.0014,
        0.0013,
        0.0013,
        0.0014,
        0.0013,
        0.0013,
        0.0013,
        0.0012,
        0.0012,
        0.0012,
        0.0012,
        0.0012,
        0.0011,
        0.0011,
        0.0011,
        0.0011,
        0.0011,
        0.0011,
        0.001,
        0.001,
        0.001,
        0.001,
        0.001,
        0.001,
        0.001,
        0.001,
        0.0009,
        0.0009,
        0.0009
    ],
    "validation_loss": [
        0.018862832337617874,
        0.008079448714852333,
        0.002417642390355468,
        0.0012157124001532793,
        0.0004543027316685766,
        0.0002776238543447107,
        0.00021614396246150136,
        0.00020169065101072192,
        0.00025045115035027266,
        0.0002384190447628498,
        0.00030045572202652693,
        0.00028099186602048576,
        0.00032631962676532567,
        0.0003383156144991517,
        0.00032920698868110776,
        0.00033477816032245755,
        0.000388236076105386,
        0.0003196834877599031,
        0.0003854981914628297,
        0.0002662570623215288,
        0.00035121029941365123,
        0.00040227084537036717,
        0.0005397842614911497,
        0.0004462050274014473,
        0.00045913696521893144,
        0.0004566979478113353,
        0.00040741264820098877,
        0.000464456039480865,
        0.0003581660857889801,
        0.00041718329885043204,
        0.0004422398342285305,
        0.0004011187411379069,
        0.0004796526918653399,
        0.0004871372948400676,
        0.00044043792877346277,
        0.00035374436993151903,
        0.0003934052656404674,
        0.0002989255008287728,
        0.000413729838328436,
        0.00035224485327489674,
        0.00031021644826978445,
        0.0003147573152091354,
        0.0003548525564838201,
        0.0003419890708755702,
        0.0003338465467095375,
        0.00026716457796283066,
        0.0003573272842913866,
        0.0002901241241488606,
        0.0002886005968321115,
        0.00030603399500250816,
        0.00027409711037762463
    ]
}