{
    "training_loss": [
        0.1255,
        0.0551,
        0.0352,
        0.0283,
        0.0257,
        0.0247,
        0.0237,
        0.0232,
        0.0227,
        0.0225,
        0.0215,
        0.0209,
        0.0192,
        0.0168,
        0.0153,
        0.0141,
        0.0129,
        0.0118,
        0.0112,
        0.0108,
        0.0102,
        0.01,
        0.0095,
        0.0087,
        0.0087,
        0.0081,
        0.0078,
        0.0078,
        0.0076,
        0.0074,
        0.0071,
        0.0069,
        0.0064,
        0.0063,
        0.0059,
        0.0056,
        0.0053,
        0.0051,
        0.0048,
        0.0046,
        0.0045,
        0.0043,
        0.0041,
        0.004,
        0.0039,
        0.0035,
        0.0032,
        0.003,
        0.003,
        0.0029,
        0.0027,
        0.0026,
        0.0025,
        0.0024,
        0.0023,
        0.0023,
        0.0023,
        0.0022,
        0.0021,
        0.0021,
        0.0021
    ],
    "validation_loss": [
        0.043169066309928894,
        0.03227224946022034,
        0.024597082287073135,
        0.022722557187080383,
        0.0213521346449852,
        0.020762305706739426,
        0.020533960312604904,
        0.02114747278392315,
        0.02004099451005459,
        0.020215079188346863,
        0.018842387944459915,
        0.018583223223686218,
        0.016248993575572968,
        0.013665175065398216,
        0.013007335364818573,
        0.010920091532170773,
        0.010292261838912964,
        0.008951378054916859,
        0.008602744899690151,
        0.00824018195271492,
        0.007869900204241276,
        0.007802036590874195,
        0.008035067468881607,
        0.00673643546178937,
        0.00657918443903327,
        0.006002317648380995,
        0.006015505641698837,
        0.00609060563147068,
        0.005859332159161568,
        0.005402840208262205,
        0.006039103958755732,
        0.005249483045190573,
        0.004794214852154255,
        0.004309949930757284,
        0.004291210323572159,
        0.0039002110715955496,
        0.0036658982280641794,
        0.0035268613137304783,
        0.0033440175466239452,
        0.0030441114213317633,
        0.003209490794688463,
        0.00290095922537148,
        0.0025555104948580265,
        0.0025714621879160404,
        0.0022917769383639097,
        0.0020266438368707895,
        0.0018719231011345983,
        0.0017812305595725775,
        0.0017210873775184155,
        0.0015504754846915603,
        0.0014596553519368172,
        0.0013675078516826034,
        0.0012419356498867273,
        0.0011471633333712816,
        0.0010910117998719215,
        0.001052620355039835,
        0.0009671148145571351,
        0.0009429514175280929,
        0.000917690631467849,
        0.000897218007594347,
        0.0008921935223042965,
        0.0008836258784867823
    ]
}