{
    "training_loss": [
        0.3648,
        0.2459,
        0.2311,
        0.2207,
        0.2157,
        0.2189,
        0.2095,
        0.211,
        0.2099,
        0.2083,
        0.1941,
        0.1942,
        0.1912,
        0.1894,
        0.1888,
        0.1818,
        0.1774,
        0.1789,
        0.1749,
        0.1694,
        0.1657,
        0.1633
    ],
    "validation_loss": [
        0.2446584701538086,
        0.22840069234371185,
        0.21551838517189026,
        0.21318379044532776,
        0.21067385375499725,
        0.210342675447464,
        0.2090437114238739,
        0.20841167867183685,
        0.20975731313228607,
        0.197663351893425,
        0.19366537034511566,
        0.189275324344635,
        0.1896282583475113,
        0.18660934269428253,
        0.18236160278320312,
        0.18100720643997192,
        0.17272982001304626,
        0.1717398762702942,
        0.1720483899116516,
        0.16381461918354034,
        0.16640937328338623,
        0.15579061210155487
    ]
}