{
    "training_loss": [
        0.2112,
        0.1397,
        0.1213,
        0.1135,
        0.1077,
        0.105,
        0.0984,
        0.0859,
        0.0761,
        0.0722,
        0.0669,
        0.0589,
        0.0566,
        0.0549,
        0.0542,
        0.0509,
        0.0522,
        0.0498,
        0.0468,
        0.0449,
        0.0503,
        0.0512,
        0.0458,
        0.0436,
        0.0442,
        0.0413,
        0.0452,
        0.0431
    ],
    "validation_loss": [
        0.1327720433473587,
        0.11996226012706757,
        0.11186403036117554,
        0.10735728591680527,
        0.10591582953929901,
        0.1031145304441452,
        0.08693636953830719,
        0.07382409274578094,
        0.06650777161121368,
        0.06591483950614929,
        0.05697839334607124,
        0.0541648305952549,
        0.05235305801033974,
        0.05065229535102844,
        0.04846705496311188,
        0.046545594930648804,
        0.04890506714582443,
        0.04856821149587631,
        0.04844575747847557,
        0.04512252286076546,
        0.04466407001018524,
        0.044263921678066254,
        0.041870370507240295,
        0.04260936751961708,
        0.041337743401527405,
        0.042642828077077866,
        0.0410628505051136
    ]
}