{
    "training_loss": [
        0.2703,
        0.1056,
        0.085,
        0.0745,
        0.0621,
        0.0594,
        0.0512,
        0.05,
        0.0452,
        0.041,
        0.0368,
        0.0354,
        0.0339,
        0.0327,
        0.0282,
        0.0244,
        0.0227,
        0.0233,
        0.0205,
        0.0183,
        0.0241,
        0.0226,
        0.0211,
        0.018,
        0.018,
        0.0186,
        0.0175,
        0.0155,
        0.0151,
        0.0164,
        0.0159,
        0.0148,
        0.0139,
        0.014,
        0.0146,
        0.0144,
        0.0137,
        0.0131,
        0.0126,
        0.012,
        0.0125,
        0.0108,
        0.0105,
        0.0112,
        0.0096,
        0.0089,
        0.0084,
        0.0073,
        0.0069,
        0.0066,
        0.0062,
        0.0061,
        0.0059,
        0.0055,
        0.0054,
        0.0053,
        0.0053,
        0.0053,
        0.0049,
        0.0051,
        0.005
    ],
    "validation_loss": [
        0.10808625817298889,
        0.08523208647966385,
        0.06544587761163712,
        0.05946360528469086,
        0.052883610129356384,
        0.05083324387669563,
        0.04856086149811745,
        0.04205131530761719,
        0.03745480999350548,
        0.03200705349445343,
        0.03198964148759842,
        0.029278762638568878,
        0.029880009591579437,
        0.03113941103219986,
        0.0233076810836792,
        0.019755953922867775,
        0.02055162750184536,
        0.020468680188059807,
        0.018124012276530266,
        0.018434423953294754,
        0.020735450088977814,
        0.02014920860528946,
        0.017089705914258957,
        0.01656555011868477,
        0.017440780997276306,
        0.0179870817810297,
        0.01546200830489397,
        0.013165012933313847,
        0.013143854215741158,
        0.015294045209884644,
        0.012330067344009876,
        0.012384816072881222,
        0.011540415696799755,
        0.013384215533733368,
        0.014642834663391113,
        0.011239087209105492,
        0.011556458659470081,
        0.010272826068103313,
        0.009306650608778,
        0.011307374574244022,
        0.009251225739717484,
        0.008584266528487206,
        0.009502635337412357,
        0.009126368910074234,
        0.007220393046736717,
        0.006136664189398289,
        0.006196956150233746,
        0.0058518568985164165,
        0.005187912378460169,
        0.004651866387575865,
        0.0046576932072639465,
        0.004233425483107567,
        0.004121809732168913,
        0.0038632089272141457,
        0.003691353602334857,
        0.0035816235467791557,
        0.0034574575256556273,
        0.0033912837971001863,
        0.003340743249282241,
        0.003284777980297804,
        0.0032699117437005043,
        0.0029097285587340593
    ]
}