{
    "training_loss": [
        0.2109,
        0.1436,
        0.1206,
        0.1199,
        0.1165,
        0.1166,
        0.1203,
        0.1132,
        0.1078,
        0.1027,
        0.0972,
        0.0917,
        0.0892,
        0.0857,
        0.0857,
        0.0823,
        0.0799,
        0.076,
        0.0708,
        0.0767,
        0.0768,
        0.0745,
        0.0723,
        0.0735,
        0.0712,
        0.0704,
        0.072,
        0.0681,
        0.068,
        0.0703,
        0.0674,
        0.065,
        0.0653,
        0.0664,
        0.0645,
        0.0631,
        0.0626,
        0.0635,
        0.0646,
        0.0652,
        0.0629,
        0.0636,
        0.061,
        0.0582,
        0.0567,
        0.0624,
        0.0584,
        0.0608,
        0.0629,
        0.0608,
        0.0575,
        0.058,
        0.0603,
        0.0598,
        0.0629,
        0.059,
        0.0605,
        0.0568,
        0.0591,
        0.0569,
        0.0539,
        0.0615,
        0.0562,
        0.0538,
        0.0542,
        0.0516,
        0.0541,
        0.0532,
        0.0548,
        0.0542,
        0.0542,
        0.056,
        0.0521,
        0.0517,
        0.0506,
        0.0517,
        0.0539,
        0.0538,
        0.0504,
        0.0526,
        0.0499,
        0.051,
        0.0505,
        0.0515,
        0.0536,
        0.0527,
        0.0493,
        0.0533,
        0.0543,
        0.0491,
        0.0501,
        0.052,
        0.049,
        0.0513,
        0.0466,
        0.049,
        0.0506,
        0.0498,
        0.0519,
        0.0507,
        0.0482,
        0.0505,
        0.0494,
        0.0485,
        0.0496,
        0.0503,
        0.0488,
        0.048,
        0.0483,
        0.0491,
        0.0478,
        0.0471,
        0.0495,
        0.0464,
        0.0492,
        0.0496,
        0.0466,
        0.048,
        0.0475,
        0.0479,
        0.0496,
        0.0467,
        0.0444,
        0.0449,
        0.0474,
        0.0471,
        0.0468,
        0.0459,
        0.0459,
        0.0465,
        0.0457,
        0.0492,
        0.0497,
        0.047,
        0.0459,
        0.0455,
        0.0463,
        0.0436,
        0.0463,
        0.043,
        0.0431,
        0.0446,
        0.0439,
        0.0504,
        0.0463,
        0.0435,
        0.0461,
        0.0458,
        0.0478,
        0.0454
    ],
    "validation_loss": [
        0.13599298894405365,
        0.12096170336008072,
        0.11454473435878754,
        0.11272379755973816,
        0.11012735217809677,
        0.10916949063539505,
        0.10847137123346329,
        0.10757722705602646,
        0.10366401076316833,
        0.0973532423377037,
        0.09101273864507675,
        0.08516477793455124,
        0.08443839102983475,
        0.0838581919670105,
        0.08004751056432724,
        0.07677729427814484,
        0.07444038987159729,
        0.07315690070390701,
        0.0722028911113739,
        0.07234232127666473,
        0.07234646379947662,
        0.07443922013044357,
        0.07078205049037933,
        0.06929363310337067,
        0.06830422580242157,
        0.06841757148504257,
        0.06755990535020828,
        0.06816684454679489,
        0.06617772579193115,
        0.06849479675292969,
        0.0658678337931633,
        0.0641188770532608,
        0.0619618259370327,
        0.06341059505939484,
        0.062062181532382965,
        0.06256723403930664,
        0.06035657227039337,
        0.06237505376338959,
        0.061868757009506226,
        0.05942945554852486,
        0.0622568242251873,
        0.05888867378234863,
        0.05832928791642189,
        0.0589962974190712,
        0.05850953981280327,
        0.05827030539512634,
        0.05835503712296486,
        0.05682269483804703,
        0.056424397975206375,
        0.05705876648426056,
        0.0563676655292511,
        0.05632749944925308,
        0.05528223142027855,
        0.055671099573373795,
        0.05607707425951958,
        0.05568493530154228,
        0.055427953600883484,
        0.053175486624240875,
        0.05326184257864952,
        0.05335059016942978,
        0.05267786607146263,
        0.05205606296658516,
        0.05258864536881447,
        0.05248313397169113,
        0.05139649286866188,
        0.05205259844660759,
        0.0507267490029335,
        0.05051352456212044,
        0.05166363716125488,
        0.050688236951828,
        0.05144651234149933,
        0.051385898143053055,
        0.04990763962268829,
        0.050169941037893295,
        0.05041903629899025,
        0.050052985548973083,
        0.050378285348415375,
        0.0491078719496727,
        0.049005359411239624,
        0.04912084713578224,
        0.049896012991666794,
        0.05096074938774109,
        0.04846125468611717,
        0.0491475947201252,
        0.05207623168826103,
        0.04847258701920509,
        0.048737507313489914,
        0.04912113770842552,
        0.04826818406581879,
        0.047896236181259155,
        0.048838526010513306,
        0.04765736684203148,
        0.04725408926606178,
        0.04671351611614227,
        0.04836047813296318,
        0.04863229766488075,
        0.04711400344967842,
        0.04804636910557747,
        0.047026343643665314,
        0.048420291393995285,
        0.046833138912916183,
        0.04713157191872597,
        0.04640823230147362,
        0.04631728306412697,
        0.04708639159798622,
        0.04700058326125145,
        0.045412320643663406,
        0.04556579887866974,
        0.04524189606308937,
        0.04567541182041168,
        0.046166304498910904,
        0.04526524245738983,
        0.04592655971646309,
        0.04497061297297478,
        0.04570185765624046,
        0.04482493922114372,
        0.045106440782547,
        0.04637251794338226,
        0.04540668800473213,
        0.04555545002222061,
        0.04474687576293945,
        0.044634781777858734,
        0.045145560055971146,
        0.044338930398225784,
        0.044654589146375656,
        0.04399559646844864,
        0.04471898451447487,
        0.044225502759218216,
        0.04431562498211861,
        0.04479866474866867,
        0.04540511220693588,
        0.044434528797864914,
        0.04427003487944603,
        0.04427935928106308,
        0.04340970143675804,
        0.04404750466346741,
        0.04383540526032448,
        0.04319281503558159,
        0.04399974271655083,
        0.04368790611624718,
        0.04317585378885269,
        0.0429927334189415,
        0.04380599409341812,
        0.043115030974149704,
        0.04262211173772812,
        0.04234509915113449,
        0.042779434472322464,
        0.04322431981563568,
        0.04357710853219032,
        0.04349300265312195
    ]
}