{
    "training_loss": [
        0.2476,
        0.1068,
        0.0812,
        0.0729,
        0.0646,
        0.0586,
        0.0535,
        0.0464,
        0.0499,
        0.053,
        0.0478,
        0.0405,
        0.0333,
        0.0305,
        0.029,
        0.0252,
        0.0233
    ],
    "validation_loss": [
        0.10487716645002365,
        0.0882435217499733,
        0.07502499967813492,
        0.0645601749420166,
        0.057560525834560394,
        0.0538925938308239,
        0.05331989377737045,
        0.04453200846910477,
        0.04488971829414368,
        0.0664713978767395,
        0.042232971638441086,
        0.03541024029254913,
        0.0286574624478817,
        0.029421541839838028,
        0.023039819672703743,
        0.021219396963715553,
        0.020140385255217552,
        0.020581208169460297
    ]
}